<?xml version="1.0" encoding="UTF-8"?>
<project name="fubon_general_build" default="zip" basedir="F:\"
		 xmlns:if="ant:if" xmlns:unless="ant:unless">
	<!--<property file="F:\5Current_batch\fubon\build.properties"/>-->
	<property name="Spath"		 		value="${basedir}1GitSource\2_project\2016\fubon"/>
	<property name="Dpath"			 	value="${basedir}2GitOutput\2_project\2016\fubon"/>
	<property name="classesTemp" 		value="${basedir}6tmp"/>
	<property name="app"			 	value="${app_from_CMD}"/>
	<!--confFolder在${app}, ${app}_diff兩個資料夾內的結構不同，未來需要再做調整-->
    <property name="confFolder" 		value="${Spath}\${app}\${diff}\conf\${conf}"/>
	<property name="sourceCode"		 	value="${Spath}\${app}\${confLocal}\${diff}\java"/>
    <property name="lib" 			 	value="${Spath}\${app}\${confLocal}\${diff}\web\WEB-INF\lib"/>
	<property name="web" 			 	value="${Spath}\${app}\${confLocal}\${diff}\web"/>
	<property name="appFolder"	 		value="${Dpath}\${app}"/>
	<property name="opt_class" 	 		value="${Dpath}\${app}\WEB-INF\classes"/>
	<!--為測試需要而改的app名字-->
	<property name="appTestOrNot"		value="${app}${test}${war}"/>
	<property name="DeployDir"	 		value="Z:"/>

    <!--指定compile要用的lib-->
	<path id="classpath">
        <fileset dir="${lib}">
            <include name="*.jar"/>
        </fileset>
    </path>
    <!--properties調整-->
	<target name="init">
    </target>
	<!--刪除tmp資料夾內原本的class檔，包含空子資料夾，若原本資料夾不存在則fail-->
    <target name="delete classes" depends="init">
        <delete includeemptydirs="true">
            <fileset dir="${classesTemp}">
                <include name="**/*"/>
            </fileset>
        </delete>
    </target>
	<!--在tmp資料夾內建立compile好的class檔-->
    <target name="compiling classes" depends="delete classes">
		<!--<echo message="${ant.project.name}: ${ant.file}"/>-->
		<javac includeantruntime="on" encoding="UTF-8" debug="true" destdir="${classesTemp}" source="1.6" target="1.6">
            <src path="${sourceCode}"/>
            <classpath refid="classpath"/>
        </javac>
    </target>
	<!--只刪除原output程式，若原本output程式不存在亦不會fail-->
	<target name="delete webData" depends="compiling classes">
<!--	<delete includeemptydirs="true">
            <fileset dir="${Dpath}">
                <include name="**/*"/>
            </fileset>
        </delete>-->
		<delete file="${appTestOrNot}.zip"/>
    </target>
	<!--將web資料放到appFolder-->
	<target name="copy webdata" depends="delete webData">
        <copy todir="${appFolder}" overwrite="true">
            <fileset dir="${web}"/>
        </copy>
    </target>
	<!--將config放到appFolder-->
	<target name="copy conf" depends="copy webdata">
        <copy todir="${appFolder}" overwrite="true">
            <fileset dir="${confFolder}"/>
        </copy>
    </target>
	<!--將classes放到appFolder-->
	<target name="copy classes" depends="copy conf">
        <copy todir="${opt_class}" overwrite="true">
            <fileset dir="${classesTemp}"/>
        </copy>
    </target>
	<!--將資料夾改名, 並產生成zip檔，並將原資料夾清除-->
    <target name="zip" depends="copy classes">
		<move todir="${Dpath}\${appTestOrNot}">
			<fileset dir="${appFolder}"/>
		</move>
		<zip destfile="${Dpath}\${appTestOrNot}.zip">
			<zipfileset dir="${Dpath}\${appTestOrNot}" prefix="${appTestOrNot}"/>
		</zip>
        <delete dir="${Dpath}\${appTestOrNot}"/>
    </target>
	
	<target name="move_n_Unzip_app" depends="zip" description="將程式zip檔移到目的地，並且解壓縮。">
		<move todir="${DeployDir}\deployments">
		    <fileset dir="${Dpath}">
				<include name="**/*"/>
			</fileset>
		</move>
		<unzip src="${DeployDir}\deployments\${appTestOrNot}.zip" dest="${DeployDir}\deployments" encoding="native-encoding"/>
		<delete file="${DeployDir}\deployments\${appTestOrNot}.zip"/>
		<echo file="${DeployDir}\deployments\${appTestOrNot}.dodeploy" append="false" >start deploy</echo>
	</target>
	
	<target name="move_n_Unzip_batch" depends="zip" description="將批次zip檔移到目的地，並且解壓縮。">
		<move todir="${DeployDir}">
		    <fileset dir="${Dpath}">
				<include name="**/*"/>
			</fileset>
		</move>
		<unzip src="${DeployDir}\${appTestOrNot}.zip" dest="${DeployDir}" encoding="native-encoding"/>
		<delete file="${DeployDir}\${appTestOrNot}.zip"/>
	</target>
	
	<target name="deleteDpath">
        <delete includeemptydirs="true">
            <fileset dir="${Dpath}">
                <include name="**/*"/>
            </fileset>
        </delete>
	</target>
	
</project>